subject,resolution,missing,rapid,reject
01b653iwjusnxf359qk7596t,0,0,0,0
0374obg53yvd969wid8t8a71,0,0,0,0
03i65ytrhnqf85c2lvnzb2ov,0,0,0,0
06hmew4su9ph9i5gigwdmwr4,0,0,0,0
06ul9f2coolrse6pnzjrdmbc,0,0,0,0
08p6c81b1uflp82myo5nw9dl,0,0,0,0
0989ahmna9dulp8bxcoynys0,0,0,0,0
0cuzisrtq2cdt8h5b4myuyfg,0,0,0,0
0fselly2tqqo5o2nhqub0t9c,0,0,0,0
0k9ph5p70zb8x7iugjdl96mt,0,0,0,0
0lbef3rih04hlz20mpmkmfaq,0,0,0,0
0mifm1lzbxnc43588vf8k0ws,0,0,0,0
0o92lwkkod5ficj2jyqn0f60,0,0,1,1
0oppzdo52gw7skmxzy5q6ci1,0,0,0,0
0pcccc08djqwblcaa0vi67g3,0,0,0,0
0ppzryi0yvn8rzf45d469rfr,0,0,0,0
0q9kik5fwix8xvf50jzwrbv5,0,0,0,0
0rx0bm63tj47dgu5hqgmxmco,0,0,1,1
0sj1lawlpszd1lz6vql6z3wg,0,0,0,0
0twyxryrq8iiomdpp48krw8k,0,0,0,0
0u9pna4ta2ooka59scvje5yw,0,0,0,0
0ujxhg52flxn1r3vwv59gxbb,0,0,0,0
0xti0hox834b62pvy7cdjlxd,0,0,0,0
0yqqto6zoppea5madtbwzbi7,0,0,0,0
10qcdilmyzfhgmbx4nbygedl,0,0,0,0
11qiftg3g7om1rk79jogt55c,0,0,0,0
14asg0heo2pqnmiywh8uy4ly,0,0,0,0
15ctx94v90f8rfqy1jz7gsci,0,0,0,0
16eppal8mpgpv1fgz4saqd0h,0,0,0,0
18bornvwixas0ck99a3h798j,0,0,0,0
1993v4050stwong707xpjpem,0,0,0,0
1detwkj1qtf1mzrj8j18eglu,0,0,0,0
1f4ok8tfzd4w2epe4epdjmgc,0,0,0,0
1g4j85q8ac65m5kej565zy01,0,0,0,0
1g706fp1g62ojzs5t47qqpbt,0,0,0,0
1hkud3vlgvfpt6j7evej1o1k,0,0,0,0
1hq0a5sv7olx9j5ab2evp9yz,0,0,0,0
1lpe7v1rcx3fr2hpummtb1fs,0,0,0,0
1m4rjpumvcw0huviraq7tny8,0,0,0,0
1naj3589qwupt0nxk4w2xmmx,0,0,0,0
1qteoxfbiw6vg2dyk6yvoeih,0,0,0,0
1u89kobgictbxh3tts4p9ovc,0,0,0,0
1v5wju57r2v3rdfpkdkdtq8t,0,0,1,1
1y5qgx77f4louwxnfrfaazed,0,0,0,0
1y7vnm5uywcpkpjvywthival,0,0,0,0
1ygwp7fma3fsmhfvk0arkk6z,0,0,0,0
1ztz9o9srgpb2yhdsxnv7ecj,0,1,0,1
22s5ikym9foi76ykw4ugev55,0,0,0,0
241svjoh2d3bcbz63rlg90zo,0,0,0,0
25qshlhy4deq4im0io70boaf,0,0,0,0
26fw6mpksid4uky6r534gkz1,0,0,1,1
2ak4ea9ygmndywzmwdepf5dc,0,0,0,0
2hbjprxch7iah7yy5j56wi0n,0,0,0,0
2i42r2eepsi2ds5yuntjtm3i,0,0,0,0
2i822ubn7ntzjkjwaq4ca78r,0,0,0,0
2jkjdct4l2sj2hzpc46607qk,0,0,0,0
2jyaj21vurwztq2io1bo4wp5,0,0,0,0
2k38gxnthl0z3g7ni36g086k,0,0,0,0
2kaeqgaaerdmpwoywpsxmeh7,0,0,0,0
2lwgshkagkjxlxrdwfrwqpas,0,0,0,0
2lxcej2tk2tol6ie9pg9ephv,0,0,0,0
2ng96ye3rfowy888zmjczotb,0,0,0,0
2noems6hp5m2jto7zpmavxm9,0,0,0,0
2oasl2egv8ro3zxrnu9cdwri,1,0,0,1
2r28o3lv54fnis6irbr19yxf,0,0,0,0
2r5alrkbf4c9mvniy12cmrrp,0,0,0,0
2rezgf7dcjsbrw2xo1cx85k7,0,0,0,0
2ryo3nqynuc45ekjibgor0yp,0,0,0,0
2s9ape6golrvhw3wahi3m3r3,0,0,0,0
2upl5md6ptyi3ax9pp22y7fj,0,0,0,0
2v0hacer62t2jm96ztlxem3f,0,0,0,0
2v9b3eic48aqgsgtr4i3rapv,0,0,0,0
2vvj64z7bstb0zir4mjua9cw,0,0,0,0
2xovrvkaxpz9tip2r8wsuig6,0,0,0,0
2yzqza7zsurmv8eryo1mz7rs,0,0,0,0
33lggk2fsgoalvhzifhufox6,0,0,0,0
33vgnwo4ptzhp430sqai90mc,0,0,0,0
34s9xql6rs74bfhznq0iti4l,0,0,0,0
35c7ygm020qdlmd98x1a0479,0,0,0,0
35i1vwqxvv43ark5es4ehs0y,0,0,0,0
374y9fwt2b00n99yi3ofx4qb,0,0,0,0
38gc7m7j436bn7g55tjbetol,0,0,0,0
39i7gcci8k1p1p0swddsw7qi,0,0,0,0
3abvws8gbp1d26tmli4e6a4t,0,0,0,0
3d6pbwa1zfcugi7u7ezyy7dz,0,0,0,0
3fw2biverenq54kvxw6ukt0w,0,0,0,0
3gpbpajj50bkq4byeiwitb1x,0,0,0,0
3hrldrezqnbmcz7wsfqpk444,0,0,0,0
3hwti9vqo403bsbc57oj78ez,0,0,0,0
3i0fcuh5zsys7h2z3qwc09zz,0,0,0,0
3i5irx9r0mj1u7jsd4eal9gx,0,0,0,0
3lbs4rayaxcbl7hqxk7spw6s,0,0,0,0
3mlg5gieakg52hh4kb0xgrbx,0,0,0,0
3op34p5re2dqxm85smzsl7o7,0,0,0,0
3pkivj67s83yvgkzbz3leqiu,0,0,0,0
3r2ifq00z06hun105tincwcm,0,0,0,0
3ryh9gpnd9mp6935pdj9x6u7,0,0,0,0
3sf7bhi9na56hcqeqo68gpgl,0,0,0,0
3t6pf65p8uds0ezkf75oqbwa,0,0,0,0
3vhzz2zw6zgab84amn4bogng,0,0,0,0
3ye95yp5z8qh7x1ovbgo3ich,0,0,0,0
3z2z4oqvsyxn2lwrqjavmvfm,0,0,0,0
3zv69q64jey2r4y0y0e575nl,0,0,0,0
3zxobbu2jzlvm8lhki7czl8t,0,0,0,0
43u61vzj6kse1j0bpne1loj7,0,0,0,0
47rjc265202ngfb9rcn5q489,0,0,0,0
48w9lk7ju78tnx98jix1c0zz,0,0,0,0
494n14p8nmsroi0grjhd1tdz,0,0,0,0
4b743e4zckn4zsps1u2mkb1z,0,0,0,0
4dmuir6ip4hx9eryfxcq2rrg,0,0,0,0
4f3an3rrow7k3ie0j752t45k,0,0,0,0
4goyt3sxahkl7pa8u5tbol6m,0,0,0,0
4h5yju9ncyeiyah2g5oi6vgt,0,0,1,1
4i8fdqxxcxtx42msnwvy3e5p,0,0,0,0
4kzwj52hfohn08sjrs0sstyh,0,0,1,1
4mhzsuh7xfod2do73mss6ig2,0,0,0,0
4qd0to88yn79ejfx21tcin9q,0,0,0,0
4x3vcbfp20gszqk2fx98l2m8,0,0,0,0
4xr6ujq576ixsqqo94j9t25m,0,0,0,0
519zbyjdj3cdg883oowodetg,0,0,0,0
51brojcur0ahwcou0zeiofr4,0,0,0,0
525crgtd5xx14lsyudfeth8r,0,0,0,0
53fgvbrtzes5w5y7p0apwaor,0,0,0,0
53kley6m7tvg1vs7yqarzn2a,0,0,0,0
54e9zu0s1k514rl628xitu6a,0,0,0,0
54ijj4k762op0pdsv00s9wkk,0,0,0,0
56rfelahgx44yaqkd2iu7s0n,0,0,0,0
59ngy801iiqpmbpdnlmfjeei,0,0,0,0
59xqa1ahxzai8xf2maadqjg7,0,0,0,0
5b6q4ofmq1sgea0wr5whqyqp,0,0,0,0
5baqefewz5asokt01f7dkh76,0,0,0,0
5c1uahjwqokuaplxirx16r1p,0,0,0,0
5cjs7it3st299r3vpz67xhf6,0,0,0,0
5crlydz5xjnujl7cw511iew5,0,0,0,0
5cxi15n0lqa8ytgxm9gjs7su,0,0,0,0
5ehtx6x7bitq1r848c0w0ayy,0,0,1,1
5g41xp889l6rn0ju6xu3b53m,0,0,0,0
5ir086sfoheqf795s81pdtug,0,0,0,0
5jy2qnd6t58agficsjd2vths,0,0,0,0
5k71sxu2hhh7kqjrwx7mhu9a,0,0,0,0
5la01jwgjd5r0smzsld92t1m,0,0,0,0
5m8lau3ky2gtgpbmnr8kuv4g,0,0,0,0
5m92mo123e9gh0jbia35or3b,0,0,0,0
5nbu6wm0asr5wgoe8y4yoz5b,0,0,0,0
5r5lpge5r06l18wm68y63pj3,0,0,0,0
5rx4okg7d5vk026dtzkaxc0m,0,0,0,0
5vlh6xat2i27a5ycsir6rt8p,0,0,0,0
5w8iljymylasl128wlos7fim,0,0,0,0
5wwh67gpm4yi02txm96t0d2t,0,0,0,0
5x53d4nlu4uiap1y2at2omqh,0,0,0,0
600h90dv4z92iv06ocn127ze,0,0,0,0
601xvat5pmnwokpkryv54mhy,0,0,0,0
61e4vo4vrncsxadrq3jv3je1,0,0,0,0
657qttkac7rp4n21ts58rxcd,0,0,0,0
659a2szsz3smzj2vn38ffehh,0,0,0,0
67heohzr97c0kcq6lwqjqc10,0,0,0,0
68td3tbgc9pgeihse2uscazd,0,0,0,0
6929wbhnhtsyfyjghiwt1che,0,0,0,0
698cvp54se88pesq9otrvlxu,0,0,0,0
69a8fg1nchr4gnykeilh67yd,0,0,0,0
6a80r7h6mc233wfkku689f8n,0,0,0,0
6ch32n9s0qvyg0kemy3gyw07,0,0,1,1
6dgt2qu2enlze2oxudlmz2tv,0,0,0,0
6dsauyx0839dqhnltlqi16cm,0,0,0,0
6dtz2lbrpkyz9q2cs8c4macg,0,0,0,0
6dv6lg3g7rwzzf95deborxxt,0,0,0,0
6eywh4zy4by0a1c781864e0m,0,0,0,0
6fhvku0vah2hlsz8jldq3ong,0,0,0,0
6ftq7uap3wf4d42zs3zbidwv,0,0,0,0
6jcw5spub6h5s7grinrjk77q,0,0,0,0
6ml3i9hxab3g5ldho73rp53t,0,0,0,0
6myeryriugidl4p43j63fcyc,0,0,0,0
6nprfiv7nfr7axt7mv51m4p4,0,0,0,0
6pu02mdi58xe1h5bt0sln0th,0,0,0,0
6q1t8f79wwgrq6dk0tp92ocb,0,0,0,0
6q96rlrtgqu6ckutin3raus9,0,0,0,0
6sqzntxosrpt76sm28lb0w81,0,0,0,0
6tb6fskpa6em7swy0o03q059,0,0,0,0
6wps6g80t7g1jbj279e48mp1,0,0,0,0
70w8goois1gc8p9bs41qfhny,0,0,0,0
71a0cmlv8tcccrsg49rz5ty6,1,0,0,1
73pstnzr5xuos990sy1ndcib,0,0,0,0
77ns1fox63i44jwup2r16uud,0,0,0,0
77poyt1iy1cqjcjztrjtaqk2,0,0,0,0
7e1qtuicoel8euz710kf6m0t,0,0,0,0
7escbsueprx85mqubp6ejsc1,0,0,0,0
7g0yytvmxt8hqqohacw0vin1,0,0,0,0
7j59zfnc9ht9wbmb8a5xw99q,0,0,0,0
7jph9y83f55slovfq3406kzu,0,0,0,0
7kvbbsqfdff7uvbuir0bgju9,0,0,0,0
7l3lrnxqhx4pfvhir721iqtv,0,0,0,0
7m15s78tomzsn038tq7w4qhz,0,0,0,0
7me08rotj6lm1g2ctpd19vro,0,0,0,0
7n3smquj1y0u5ggz6o4feidf,0,0,1,1
7o693dgge46kfallr2wivb9t,0,0,0,0
7omx30j5cs9od4amxf2nl5is,0,0,0,0
7qfcghevn1pvwlkwkxbfke8d,0,0,0,0
7tbdjxz8lu8j3nbhn89vhaon,0,0,0,0
7x6ngqb8r29sszek04wz6876,1,0,0,1
7xfgwhsicmn01xvjvttcoxae,0,0,0,0
7zajl9yho3zqrka2710bu7oz,0,0,0,0
7zk3efwy9pqhzenpm2dga7zo,0,0,0,0
7zx5y8m5887yrnnoqc2xfk5a,0,0,0,0
813nt5q85vqb7vydot53abjp,0,0,0,0
81lfve8j4tgfyj20fo1gx0nj,0,0,0,0
81x5ugcw0chzpgrcrr8nrnia,0,0,0,0
833yd0oit0ch2vgiiqwxgzif,0,0,0,0
84t37ieskww4hptmydmm4e0j,0,0,0,0
85tpfwep4tvhfh6m8nxvgjmc,0,0,1,1
873jao078mf4v86xccmcv7vj,0,0,0,0
88y4hijuiaefliyndapmlyf4,0,0,0,0
8anx8gog7w9iuytpvi6bbecb,0,0,0,0
8aqjqtgqbshzm24ythuyysqh,0,0,0,0
8f93xuh4dq3vlzbubpfubvqk,0,0,1,1
8h7jbmr0tkmh6u08l7itn6nf,0,0,0,0
8hlq0l2y4cl3lyqu7mund09w,0,0,0,0
8ixzpcm8al461v9pfdalgvxw,0,0,0,0
8kdk2f4s3kyldz3qd4d8rlm0,0,0,0,0
8nwnacinyttl7g8fgh9kszuc,0,0,0,0
8qnoyczn985a0zzvg8iv7gfk,0,0,0,0
8s6e33zhlcvyjq7enhnfxcwl,0,0,0,0
8savjpgy7ezckpghm77oqsy7,0,0,0,0
8t7d0pmrn1b87qagwkta8lg1,0,0,0,0
94ug8ln7qdjhuzsrzo88gzvb,0,0,0,0
96d32q3ghoqw31xzl9a9fe5y,0,0,0,0
96ffdhcxagzthzjcu07wcnht,0,0,0,0
9ao114mcsua7sway0y8yjjxw,0,0,0,0
9f66o33e03dp9zq1aqgl39ma,0,0,0,0
9g968us0aftfb9s4fmflbbt4,0,0,0,0
9j3jtjjtdtnjmin6lbohef0a,0,0,0,0
9k53ht6h0096rwmabzdwat9q,0,0,0,0
9kdpimklx03e225ptr8p71hl,0,0,0,0
9koygkpp3iekef87xgerze9k,0,0,0,0
9l9f6d24sq0ydes3002c012y,0,0,0,0
9ldvxxstllzeso1i5789mrfz,0,0,0,0
9lgzt44k9zymblu1xqsxtwpz,0,0,0,0
9n3ckjytby15xji8m3759ga0,0,0,0,0
9qshg2o8fowyn3efok9hfsx7,0,0,0,0
9r62m0a6mkb7eserkqw0zaxx,0,0,0,0
9s88tid5d5r16f6vib0lf7ts,0,0,0,0
9w63piyvhpvu41rg6hlvkhcm,0,0,0,0
9wvt1g6zjkardbrdtpg682r7,0,0,0,0
9xa74pq6zv5iuhqmqrrbbohr,0,0,0,0
9xtyo079d0dy84zq715syb0e,0,0,0,0
a24viffx60x1jgaz5vhblnzn,0,0,1,1
a2imljm500yomgyatxvt1zth,0,0,0,0
a5bahlr2tvrimn8sowdwuvu3,0,0,0,0
a6dhpnhmomduptaq2o6d92a4,0,0,0,0
a6h0csayrba6igvyu0latd05,0,0,0,0
a7s3mle8ync7kby44ns1h7qo,0,0,0,0
a9j1vgtfo3sv3mawiwd5fzke,0,0,0,0
abvx0zr98mor3p6u1ephdtu2,0,0,0,0
acqwehlaccazo1mzzwbp5nsp,0,0,0,0
afdhy32dylk39yz5o87jss21,0,0,0,0
ahiyueedkfr05pfvxta8kizv,0,0,0,0
ahyugxeoijrv20jhzvh0is5x,0,0,0,0
amuv7s75gam5t23pab21eh4h,0,0,0,0
aqbhw37gx70xuk98l5z7s45o,0,0,0,0
atbnkyroienosrs34i83sn65,0,0,0,0
atlfpjhxg84kygi6ogbms3m1,0,0,0,0
awel4j6v0rm4ta2s647rnv2m,0,0,0,0
aybj3bf5m8erk4pbq7lzgqqi,0,0,0,0
ayfyomaj1p5tpm3lfoizl6sb,0,0,0,0
azmgn9i5xm8mka9fqwkeso89,0,0,0,0
b02ynma46gkvi2oekullmd05,0,0,0,0
b14bptx36jp7yg07d0h1bfnk,0,0,0,0
b378p687zsr1gm7s05s24eg8,0,0,0,0
bb80jdftgq7kmwo1trya5270,0,0,0,0
bbekbqw42edxfqxfctcq1dcu,0,0,0,0
bcpexkb7dadjt37848mglhnx,0,0,0,0
beqt7e973l6xyvrcyrbo6076,0,0,0,0
bff9yq6yewxz00mevh91oumy,0,0,0,0
bhaik4194elrqjdyspvfje6k,0,0,0,0
bizc9o47durrat6i2ydiod1r,0,0,0,0
blrvfgq37hpsbl6qlmbqsv8y,0,0,0,0
bot1mtv21v6v3j718yl6ehmn,0,0,0,0
bpfjfmu7ifcbwi41y2f48v08,0,0,0,0
bsoumkwyunhkdjghfxbwaf1w,0,0,0,0
bt6bmnj5ivm0ethe5egicg86,0,0,0,0
bt97c9t7xjxxjos1o72mhekg,0,0,0,0
bxdo8xn8jhec6tnszflnl1y3,0,0,0,0
bxppgpgutln8cb2zcgioxrmw,0,0,0,0
bxskiwp8wr28tghp3ixxxmbj,0,0,0,0
bxvixf6mzr8bojhev1381kbn,0,0,1,1
bxvopsrtgretnshtc8xk11wc,0,0,0,0
c0z9cvpak4g45tssgg7e7f6b,0,0,0,0
c1wpouj7vjiq0ry1jkuh00fp,0,0,0,0
c2eq48a99tysozxhs8yc4his,0,0,0,0
c4fk26xv9nuiphw5fwpxko3j,0,0,0,0
c4m0py2ssiawmnlcbb1mjmm0,0,0,0,0
c5lm1phmk1cjw9hj59zb6k5m,0,0,0,0
c5qonsqeqbay66sirfh53nuo,0,0,0,0
c6kcn71dud6b63c0bgd1cuhr,0,0,0,0
c6nrjcasndd9oaci7lwoezmk,0,0,0,0
c786aq5xp32tkx5zyug00sw6,0,0,0,0
cb7na65pq0i7iseu49kxexax,0,0,0,0
cbc94by959ezj3jcactijqec,0,0,0,0
ccgep1ifodczpusfyihlwlz9,0,0,0,0
cg3vvn1tjzbrpnbvfz4pty8h,0,0,0,0
cgxxfach73em07jda3djj41z,0,0,0,0
chx9959o49qax5dt319wrsr3,0,0,0,0
ckb1fgsbcdwkhq4qkmoyx9bn,0,0,0,0
cxs4x05c44pa84sa0bah10te,0,0,0,0
czmvrek98hf1eejj4wrt7vbs,0,0,0,0
d1iqojx3bun3xqewwawraga3,0,0,0,0
d4j3n6s052ilouwmwlt5ddgm,0,0,0,0
d58i8ccvptnsejzpxl9qlmz9,0,0,0,0
da4u1lurop994sw2o274ktx0,0,0,0,0
dej3sij27st4s0esqqiekiqu,0,0,0,0
dh38d9j34jm2cdl5d6ydkkh3,0,0,0,0
dhffz3cr33669oj3ji6zlf0v,0,0,0,0
djsudld1djjiw7wlak6ceg0u,0,0,0,0
dkf95cnxz66jj22l7hqilqit,0,0,0,0
dluhup2gsyh0acu06vi9gyzl,0,0,0,0
dlumhrmx3fi1zzq15wtiw535,0,0,0,0
dmx10091pinavm63nly1pcik,0,0,0,0
dnoa4l2bl2x2hncn65qp8soe,0,0,0,0
dqgfspfp01qaeoytoc6i9hov,0,0,0,0
du0mgdvbqadha0x5tp2xdmpz,0,0,0,0
duk5wvbw636yf48esgjc6vg0,0,0,0,0
dwwcjsgp42tpfbb1328wt11a,0,0,0,0
dwxmj7m3aqkez4qlrbto1l5u,0,0,0,0
dy4dtu9hazrvdqk9byl8034k,0,0,0,0
e0d6ozvvczfi2onlnbd25pds,0,0,0,0
e1hhowzhjdu468xc1g01upi6,0,0,0,0
e2ktc5ufzbg5sx0qwb24h13g,0,0,0,0
e3s7n9y4m8iyw5cnuw29obne,0,0,0,0
e457si1cryb8ngg63bn2rlq4,0,0,0,0
e54rdhagf45phsuviycwahlo,0,0,0,0
e6q75rfq2i284zsh3jnb6k49,0,0,0,0
e6skreil0qv5xi9lz3jdbuzn,0,0,0,0
e77hf5o6w3q43gbom9m8ogwf,0,0,0,0
e7harksgfhkubx4bdfplzbde,0,0,0,0
e91op9p772nszc0ykurw8hgy,0,0,0,0
eaas1cuxkhqr7v577exoxg9v,0,0,0,0
eap73sa4jjafnlvx8uu318di,0,0,0,0
ebywst0owenzq5k92fv1qts1,0,0,0,0
ecw1bmmnnfc1bi4jr7j8jsat,0,0,0,0
ed4ygt8fvel11yb2i6i1xn8t,0,0,1,1
ede69j5wvuy3hozsnxp8ud3y,0,0,0,0
ee1lgah0t0webtqgw2xgp3ld,0,0,0,0
eeg70fa2vbevfnur9werv43v,0,0,0,0
eemanatatiri2ipjzqf4bk5a,0,0,0,0
efowokuys8arg7n86rv64faf,0,0,0,0
efzfuniof4jdohpmv957eyv6,0,0,0,0
eg7pcpem601iz3t7xuhimjga,0,0,0,0
eimbs1abg35nc159e78jjkkl,0,0,0,0
ejfxhx1iij9eu38sz3sq9ji0,0,0,0,0
ekuckfyphqhl6oyhegdblxke,0,0,0,0
elifytbl3zjvsxeryhqs2yeg,0,0,0,0
emku8jh73bkwfnv0u3ihsear,0,0,0,0
eotokeisv4uqvvrsfd11n69n,0,0,0,0
eoz3hva9mqbhlx1td76x3hfb,0,0,0,0
epg6mrf7d7k3reuenvinyn0u,0,0,0,0
eq6ohwyssrmeux0jlhtqpgzw,0,0,0,0
ern284uhvopuujb1lzx9pikx,0,0,0,0
etlhy2q3u8q1gfo4j49kwxpg,0,0,0,0
eys0vdre9cg9vw7d4vrj9ldc,0,0,0,0
f1nohwlh058mn7u09f6kypms,0,0,0,0
f3jnwesjt4x6d8pbcyv3xgg9,0,0,0,0
f4egv81cztyag6au8tfewxoy,0,0,0,0
f638zjivsgccof5is1hj8i90,0,0,0,0
f9hiqawiwe8kyaax9wmrf7q1,0,0,0,0
fc1ey3zt9gnf40jb1eeecmri,0,0,0,0
fc4owb5j1x5mwpits1i0ifux,0,0,0,0
fduiah9gqgya670u9w4wmxf9,0,0,0,0
fh64ksnjqrfaqmkutsll5m1k,0,0,0,0
fhdaaicy8pyqjl3opgzfn7kc,0,0,0,0
fmpczllz4lb14nqdzrav7np3,0,0,0,0
fneej4nu0khl8sxo5csx1ao3,0,0,0,0
frhykohzg7vg82b8puwya2rn,0,0,0,0
frkca2ta1jdnpvz3iz37hxsa,0,0,0,0
fuvfnvxti1ujnyyojvpjqica,0,0,0,0
fve9j6js22pubgc94k5hbt45,0,0,0,0
fwkbr91pq3h59pnn7wnawlu9,0,0,0,0
fxgjr077y3vdn9a9ll5tgb0o,0,0,0,0
fzox5w54kcia0vg1z15655kl,0,0,0,0
g25wj0lnxn5lnaeqqd7n7r3l,0,0,0,0
g2ljtifat87hzd3kvu0lmf2n,0,0,0,0
g6joz7lm0w3qb9p74kkymnoj,0,0,0,0
g7mhs3jke4gss1oy2l3w1qg5,0,0,0,0
g8h72zta2vegwiej6psdia0w,0,0,0,0
g9dv3o9qvr5au55mpi8l04kn,0,0,0,0
gcrsxezjypxo1hjjgdwu3v8w,0,0,0,0
ge16on34w0yhxe9i0wa15fyk,0,0,0,0
gftgi1d1n7e87h546xyk0opw,0,0,0,0
gk8cxnwjm9d7qvwtp38snyza,0,0,0,0
glqkbxeq69dx1gwrutzrzb4c,1,0,0,1
gm1g820uk2vf9zcjso649zaj,0,0,0,0
go2xzvl09j19w32y8f5n0ykn,0,0,0,0
gslk6zxuvbvyxoor9jg0jdvg,0,0,0,0
gume9hgou9sjzjclxmhregyb,0,0,0,0
gvvwe3yhv93iylqh4wyp3f7l,0,0,0,0
h18sl0uzre6b5zxnhwhmdy75,0,0,0,0
h1b8fzr5yvivjatgmpky09as,0,0,0,0
h338p7hwehj02u1ip7j80uvg,0,0,0,0
h38n4x5ci588r7boh8yrqbqi,0,0,0,0
h3h2eo07fy6suecrexjevnsa,0,0,0,0
h3nonbuqkr9d7j61ygckjr1t,0,0,0,0
h5kxorb7y16janzno0954hxu,0,0,0,0
h7d4qtuad8hagluzmls821gn,0,0,0,0
h8fm68o2b0w4slhud6i8lse5,0,0,0,0
h9ulbda6kyo86dz1r3ok919y,0,0,0,0
ha7q9e9ilqi0ysrniq08whsm,0,0,0,0
halr4yg761a0ho6mwpsch4ii,0,0,1,1
hbtv8rewzmvn0zg620ju2e5z,0,0,0,0
hcgqxkgi31pnmw4ald6939o2,0,0,0,0
hdjmkdt1bbt19pghamosswp4,0,0,1,1
hjat3yqi4wglye3ofs05slg6,0,0,0,0
hjwh9ijhdurnaa2d9qjpllib,0,0,0,0
hk17grwa7vg6ckqzmvxn3478,0,0,0,0
hkc5g4tfvvxksxl8fpes0b8x,0,0,0,0
hlzxd4bpatz1gegx4wnkes1m,0,0,0,0
hqy02nwsru1x2s68xiyf24v6,0,0,0,0
hvhmnq158mneyv15tvtovox6,0,0,0,0
hy7o9kskrsid8hooqf7pzb7l,0,0,0,0
hzdkh6x1j28lplku79n53df5,1,0,0,1
i0r8hlejxp0h44sk6ryrcmhb,0,0,0,0
i2ajh2skb76hwnie3rv3vl5f,0,0,0,0
i2i239ol3f0ie67ekfoadw2e,0,0,0,0
i32eyt18hfgpxxz0w4ncciq3,0,0,0,0
i38qt443du08nbbw9d9hcyh7,0,0,0,0
i3ejcln7nd4h57e09ykjyx76,0,0,0,0
i6wkhc488kf6tkv286h83ko8,0,0,0,0
i7ipu4xe318k8k6h9a0dg63k,0,0,0,0
i8bu263uo7fdg08swmegdkma,0,0,0,0
ics5v5pbvd3yftebrz1a41li,0,0,0,0
id81ehgah6f6a3c4i8ylyp4b,0,0,0,0
igd10gndx7ii7uqf26eqs75p,0,0,0,0
ilswa1taczugh1qrxzb99kh8,0,0,0,0
io6ih8gdu16ravkom65428yy,0,0,0,0
iomh78i7h6nh2v0kb54gdbux,0,0,0,0
iqiu17nsh7x9nps1kegka46e,0,0,0,0
iqzqc9sjiflfd8lbbtyq6hsu,0,0,0,0
irnft15fp2p3fhf7d5f3agze,0,0,0,0
isshwe8oj9kgfn4iy6bp29ec,0,0,0,0
iutic4e6kp6tew1sk6fnf0qx,0,0,0,0
ivya1n2y7lxbs7cvzz2fg763,0,0,0,0
iwjenztubpybq8epo459irnu,0,0,0,0
iyffgyj41dfhsmks29cshfkq,0,0,0,0
j05g37w77dq7ufwhtozecv54,0,0,0,0
j0sqix616fqa4pdbu0ab9z6a,0,0,0,0
j1ak1n8jch6npeswoykd666h,0,0,0,0
j1nj33xq2lblefqzxscp39ws,0,0,0,0
j4c43dpxgguttyuloto79cgb,0,0,0,0
j61z5j20l6urzh8b2sxe16vy,0,0,0,0
j84q70ouh8xjdfihaqi7ift3,0,0,0,0
jcuzfqtc6ix8gnt72cpgz18k,0,0,0,0
jea0sq62b0yc0gmldevem1c8,0,0,0,0
jfmalt9om4tuw2b54t412ksn,0,0,0,0
jfsnnu8f0p9njpnp6rc197y8,0,0,0,0
jh8qjw2rsec2bvnxzantsd8j,0,0,0,0
jilq8cphcluy2zhjbet32qcs,0,0,0,0
jjfnfw18g939gvyxorb47kzl,0,0,0,0
jk1soxtnejqhgu85oodl1f8a,0,0,0,0
jk1wgph1qllvjzgvdzpl45dr,0,0,0,0
jl8x9j26pqmzu6kkqbzrm9oq,0,0,0,0
jm35w2st90386e0k3vb9y58w,0,0,0,0
jm8ew546gz82xetgzl45bnoj,0,0,0,0
jmkp5q8bq4byn1487ad26jdb,0,0,0,0
jmx3ug312j14nagw4ajnovvb,0,0,0,0
jp9lv6vatuhwc937881okhfe,0,0,0,0
jrfwys6w8blwogavgrecg4ky,0,0,0,0
jtav73lzywibtd2yaqxcgwav,0,0,0,0
jv21u26nphr3v0ll0aqzmgjt,0,0,0,0
jw0b27li9y08fwt3c1hlwde6,0,0,0,0
jw5oo0yhin4qimzacl6lb8h0,0,0,0,0
jwoxivsn1wx7j6ynxuw24lv7,0,0,0,0
jyelr9z8wzblfvz60r55tvmt,0,0,0,0
jz2uiw571wp480ehc6zgcq8n,0,0,0,0
jzhlr225coxisf9f1w0z51na,0,0,0,0
k08jrxs878op37qksq3qlf7r,0,0,1,1
k2iv23u57llhwhicbrfx83sd,0,0,0,0
k3bot146pfmji26jx7mdpx99,0,0,0,0
k63nm6xu53y22d5z40fjszis,0,0,0,0
k6fh1an6hst6mw751aa4lnju,0,0,0,0
k6kgwzdc5u4tva2hl2ggpyb0,0,0,0,0
k96wsef1uvtw2k1coek7xzll,0,0,0,0
k9nrrbxe40yo6i2w7iaim9gn,0,0,0,0
kc0xdzmg8c721vp7p0g57vxt,0,0,0,0
kc2gslvz38kes9lud3v9nyi1,0,0,0,0
kcc2epaykkdqi0059b3744mg,0,0,0,0
kcm26ywva9a56n9g1yvaseq0,0,0,0,0
khec27df802wf0g001zdobn1,0,0,0,0
kjug4mgepjzfvvg01oodd05x,0,0,0,0
kk3fnz2y79llszrouyupfsfe,0,0,0,0
klg7fy2e4s5kygsji811ww1l,0,0,0,0
km7jn4cvosfye4pvrwxbeqlg,0,0,0,0
knecwp679n8ghawea6q3yt8b,0,0,0,0
kodjqo0xmu9cvybi9g9hih3m,0,0,0,0
koksi5htb27chpv8izz0q9qg,0,0,0,0
kpz18lr2nwh8g86rivuimsuu,0,0,0,0
kqfg0mfqia8f2impzazbgsz8,0,0,0,0
ktow6kw8aysm42c0aj1m7xt1,0,0,0,0
kyz5q4faoecd304rsxiae9nd,0,0,0,0
l0rkr2a96xlipsol8wudfvs0,0,0,0,0
l17esoy8522slwizblysi54z,0,0,0,0
l3fjxmpgvhqd62lh4ygdosn4,0,0,0,0
l5yqrlkph4s42j6htb0nvxha,0,0,0,0
l78dc56ar7ap42gfqe5gx52z,0,0,0,0
l7oxme1020sph88dta19e34m,0,0,0,0
l9kljxhr127ktygvd9qqzyl7,0,0,0,0
ld7rurmkbqrlgs8uhuk3ronr,0,0,0,0
ldpc5n99w6gkzs6bp0s9ir3e,0,0,0,0
leuwb844q32tbk0e3bu4t41m,0,0,0,0
lhal8ik1dey46k0wqix8sosa,0,0,0,0
lhn9nbcx2c912zadbrh6t8v5,0,1,0,1
lhyb1408gv6hehkjosvvw05c,0,0,0,0
lne6b2sc369e77qndf805b3r,0,0,0,0
lngzox5bj2d35flsl8kxlsqw,0,0,0,0
lourr98z7q0puhk3us67jqo3,0,0,0,0
lqboe02t5dcbukhh6szfez8n,0,0,0,0
lrbc9ul7jb1toqh4v7rrznq5,0,0,0,0
lrqwr6lwgjobc51tpb2c9xcr,0,0,0,0
ls3pfibflf24z8rfbd1k0aqr,0,0,0,0
lvi5uyy62oqz8ezppjb5hqma,0,0,0,0
lx3g3bv04t3mr2okswk2n8i0,0,0,0,0
m0iroajletpt2lvlzd7n5aqg,0,0,0,0
m2877mwt8rbnu5gl6hf0f4tn,0,0,1,1
m3954mo4pkct7zqrbrhf515w,0,0,0,0
m7ml1hwaw9rcn9rygsaymswi,0,0,0,0
m8l8odayjdj3ruw1v91dp1bu,0,0,0,0
maxu3x178x01fcwm0ji8qklm,0,0,0,0
md4bd2caz1ygjpybid7vwjuh,0,0,0,0
meq54l6rdgct4th8fuicu8gx,0,0,0,0
mgzbsix8ml13gt64x03fjznz,0,0,0,0
mjyltiv7dh6f92qp3hbxprb8,0,0,0,0
mk46f942z1ceqyjd1hyt69zh,0,0,0,0
mntyrnyptu7qqmuo91pcobp4,0,0,0,0
mpe8k5rz40v86rg5156bk0n3,0,0,0,0
mpkpgpnt7xcg2asn923jgdqq,0,0,0,0
msl06qxu4wbbhyad3znlym9r,0,0,0,0
mtke25uo3280avubnsxutnnu,0,0,0,0
mve82ia7hk2o8gxhbur1gamc,0,0,0,0
mwdlqj9cqjexto0k2m6vlx1f,0,0,0,0
mwlmovhzdreuz608emm5c168,0,0,0,0
mxlmjd44p6himfpjh91z6fmh,0,0,0,0
n0j766vxuq6aq3qtqwrilhmp,0,0,0,0
n14t0ymfo8ely4zdy29ulv8g,0,0,0,0
n1f6eryhbbwbcbw94euhxg19,0,0,0,0
n3ut6nx7z6sse9zwp516drxr,0,0,0,0
n3yir0mho6jsrz6wg7udgufo,0,0,0,0
n63idqo92li7kaqqw7masjwq,0,0,0,0
n7m5wixm1zaclp187n88f3gc,0,0,0,0
n96vswaif3ulj6q1q6vu0kqd,0,0,0,0
na3ym0knose6but5an64stam,0,0,0,0
na7s8tyky4mtxz53vxrnlnkx,0,0,0,0
naejt0lpbz1pyan0kra2451d,0,0,1,1
nb4v84vbhb8iyhhar368g0g8,0,0,0,0
nbt33et2oe3snb3wggo7h8rs,0,0,0,0
necm8o0d3jvf7uyccz3g51mb,0,0,0,0
nhl8x7eujej6gd2jj5s0qe0n,0,0,0,0
nhtv3g24wnf425xez99mubxv,0,0,0,0
nkqid0cn75gfpgt5htojb9nu,0,0,0,0
nl03aokfbrgf832h7a8fzfls,0,0,0,0
nl0jyy0xszfffzlbkuveh336,0,0,0,0
nnbpf3cs8crba2hqfievmmws,0,0,0,0
nnpnxu035nr2jn47p9hb4mwn,0,0,0,0
no79r17gbmsnfaxmsvt2x282,0,0,0,0
noiqmbscbspfc2y0y6vznv56,0,0,0,0
npkn4iwennf0cinvblqnkvna,0,0,0,0
nr0bhsx29bitsjt5agofl2xp,0,0,0,0
nt17df92nh15u5kuepgd2zdf,0,0,0,0
nv667shab57egd7g3ncul495,0,0,0,0
nx3vumnvmjwvjatnrxnvfqab,0,0,0,0
ny2r7p9gfpb4g3ohrv61kmgx,0,0,0,0
nyp0x0lmeq7m879smonj6vrk,0,0,0,0
o1tos2nwwrata0b3klg441yd,0,0,0,0
o7hgvk3h6aowiopffw7p938l,0,0,0,0
o7n6ozmpmpwzjvrvr1yytrwm,0,0,0,0
o8umkr95qyly8rgf0rtmcy3s,0,0,0,0
o9miomtb3mn9v5vsryhadm2u,0,0,0,0
ocanhvhg30leak7ex0xpi5hq,0,0,0,0
oevt4l3i1drw88b245fiauez,0,0,0,0
ok87f166tplnhejuz7yp63uk,0,0,1,1
ongrwq33bi7cdwlh5bt0he7a,0,0,0,0
os36a81toy3zuqad24e8dtc1,0,0,0,0
ossnddhxij8isfps0srjzpau,0,0,0,0
otm2dayq6chz01zfbqkgks2d,0,0,0,0
ouw6wphsab42qxavim9erpan,0,0,0,0
ovx7ikbmmf6md5l0p23t67sz,0,0,0,0
owqpf659onftyp18ksy7ksrd,0,0,0,0
oz9hqthy74lrv45itbc7rlyh,0,0,0,0
p0gubdem9cy31mmst2ju5xfa,0,0,0,0
p0zfz586atp2z9eeyuic1z0j,0,0,0,0
p160r00itrmxr9ncm3cop402,0,0,0,0
p2fjrflncvz6cnssj5zuodug,0,0,0,0
p2gx2i4tp0sbon7r3746jdl1,0,0,0,0
p7i7qssivxd7zlsvcmqmplgl,0,0,0,0
p7xey9ossdviiivxkbbwirvl,0,0,0,0
p8q6xgeuz66a7fiaq9l4ldi7,0,0,0,0
p95yqapklgt5g9gjw5r5tucl,0,0,0,0
pahgiz79e3lnlf65cru472aa,0,0,1,1
pcoe9w68pra5y46bb60p4z2h,0,0,0,0
pcrwm8admq6a6k5hka26ouu9,0,0,0,0
pf395xh1g6bbc99zqja4aow5,0,0,0,0
phn90p3430q5bahnnidc70w9,1,0,0,1
phy0n8m41hplzy9qx3z4ofek,0,0,0,0
pig2ct90qeloylu8x9ggbg5s,0,0,0,0
pjpf4gpn7em7dthvmn4t51ca,0,0,0,0
pjvbs9rsw6va3122ewavzsw2,0,0,0,0
pktxlw3e866n17d1conf4eac,0,0,0,0
pokdue7ffjs11ut01tlbz8vd,0,1,0,1
ppgaa4b9lf025gzc9hwou4mw,0,0,0,0
pqt1rngu144as559m4e40nhw,0,0,0,0
prdofq7u9tkkvkck8m7xie8w,0,0,0,0
prkhyfa6fd5ayfeikqca3qfy,0,0,0,0
ps64gfysthazzxn96y0ivvxo,0,0,0,0
psu9ejb0nod8jsjnr4lr1udy,0,0,0,0
pt74ju3ssmmsbuuyghetggkp,0,0,0,0
ptw5g0wqht0etqejsth5t9ee,0,0,0,0
pviq9pv56md70gx26p60e6t9,0,0,0,0
pw1r7b35dloiewu9o3f7gbmq,0,0,0,0
pwd1b6aratre0yutqmtt2lia,0,0,0,0
px4ju8r61ybcynbetn4fpkpu,0,0,0,0
pyq2w5429fdj2ghgjt4qbnoa,0,0,0,0
pz33t09htiil1kzttvp8hrqd,0,0,0,0
pzomn4d304twbs33rvirrj41,0,0,0,0
q038vq6hv85iqgrq1wr7akl9,0,0,0,0
q185wqohhj40gf05yv020g8m,0,0,0,0
qdjjtxzsv2173385x11av6qm,0,0,0,0
qg7y6akl8otxgjz8r4xwjlp6,0,0,0,0
qht4u6pdz1yplbciantlfleg,0,0,0,0
qihx5unmoy0nkmmv0u2da7h2,0,0,0,0
qkflu15ih48pyx6llghsjhmu,0,0,0,0
qkp881homezaqofyo5k476xs,0,0,0,0
qljtqe2mz191ug4t0t8d6ty0,0,0,0,0
qnw8d42yvbjcfgq57uai2o7i,0,0,0,0
qqux8g17dcceudbvbv8p0tc8,0,0,0,0
qqwgzfhtt4yewcjcf5f8oeii,0,0,0,0
qrct31ibfodan5fuwt81ohbm,0,0,0,0
qsfx5o0gdlavorxzpk0syjw2,0,0,0,0
qvhvyke7l1n87mkjbk6vt2gp,0,0,0,0
qxazh3x4r7up131vwxpkeu9u,0,0,0,0
qy0cx6u91y8rhh1s6rsmcah1,0,0,0,0
qyeer2wafwandwmfhvjbnje6,0,0,0,0
r3b05yxd3uz12t4fvulu2lxd,0,0,0,0
r5e3mtvk86osgwu9u24idh2g,0,0,0,0
r6t600bl7hw6clo5ra8q1j5v,0,0,0,0
r72mx919wcjkgf4ntsu94pxm,0,0,0,0
r8t0ef6r0tzetihcebrzdrb8,0,0,0,0
r97qw53z147758end2ny84qs,0,0,0,0
rcsai83fhf5lxeeqk7e8rdcv,0,0,0,0
rcxffsyt1nnw6wm7xu2ppww8,0,0,0,0
rfkok0a4cozo2limde5reqvq,0,0,0,0
rge4b8vlsuu5v1357bocnzdi,0,0,0,0
richzagvg42dka0e7mrfgnd8,0,0,0,0
rle0gtd7x7k6zahs3mjyd3iy,0,0,0,0
rn4ce5rvcc9sw4dtu3f79o6r,0,0,0,0
rngtcz4xoxlj1oh3tqv6rbcb,0,0,0,0
rpafgw64orpqobcjs41ippsh,0,0,0,0
rrbsr9blf9a5qrata36xbmsi,0,0,0,0
rrqt9p0r469obqcaba2xmt4i,0,0,0,0
ru1g7mm0li93b0a5kgy7iwle,0,0,0,0
ruux14z041igslwqa3r6kbtj,0,0,0,0
rwlzg8kcsaqou0ewatmlh92p,0,0,0,0
rx76mm0321tvci1jhtjfmro2,0,0,0,0
rxvhjrxxqcktokl5of1j5o45,0,0,0,0
ryw7v5wfb5ww4p4xuld8wesj,0,0,0,0
rzkrtrpsoyeqehqc907403jv,0,0,0,0
s0vso34kr4rilv4fnctdkufo,0,0,0,0
s3nsvd6f9iwfogj39qts7bda,0,0,0,0
s4flm8gpq4ggpiuxdvz8qegs,0,0,0,0
s5xgmaazlfygg8xzy7nhavr6,0,0,0,0
s658lxmv4vh58mj4v71ty4uu,0,0,0,0
s664797k76032w0fsrdmz7hp,0,0,0,0
s88uka5ddbitw78yh38aey4k,0,0,0,0
s8ax8r0ez3gvlpnhof1ephm3,0,0,0,0
s9c2f6vyt0pgkv6aybfkhw02,0,0,0,0
sa3iazfcsonzxpfyyt5xzmrp,0,0,0,0
sawv2d6eih9zg4tdj9ec4u2m,0,0,0,0
sc2qtdd29yduu2n8n9fge4v7,0,0,0,0
scyqillfkavwf7yh4ju90tym,0,0,0,0
sdcs16gmr1bfcbl839dp21uz,0,0,0,0
sh1o7xm3qnq9zor7lhk40kev,0,0,0,0
sh3hponphz0e6uwpganyhumn,0,0,0,0
shj9k00xm0ip8w7xo1gesade,0,0,0,0
slmdfjqjoxkwyl16w634wjct,0,0,0,0
slmyics08xxfmgiffkgogqzd,0,0,0,0
so3wozfw8hpxj0oyxh6pjhxv,0,0,0,0
sp7f8oz05pwwhr7iggky2sub,0,0,0,0
spbaim1ubor9d9sbweslv8or,0,0,0,0
spkiuvizweo90yryr36mxmfd,0,0,0,0
sq3n2yrc9oix9xbf7j6ta6kf,0,0,0,0
sqh9huqpgolupw7rzr0gq0yq,0,0,0,0
squpbxm5amwhg3yr3hff3wb3,0,0,0,0
srue929wie58a44hsus7u3pq,0,0,0,0
ssxk4309w1a2lru7zl62jn4b,0,0,0,0
st2k1ipv8pl42t1zuckvjanf,0,0,0,0
sw1664uyq2kk0hiy93um28y2,0,0,0,0
sw3vjhrne39iaqnyggi2ecxi,0,0,0,0
sx9fp4zmvwn6dpoe9azndvlv,0,0,0,0
sybujbswng9l1imoys6zqeav,0,0,0,0
t2ubbcwfqwoox7b7adhxfxll,0,1,1,2
t3ea20ros2a2simnidv0tr1b,0,0,0,0
t6abtt8i4dtx1rx3o9v711fe,0,0,0,0
t6iyl0ad1e03glkt0bblw75j,0,0,0,0
t9b1x9y0oyxcf8vhff8buu0x,0,0,0,0
t9l0php3oidzp3sm146gdzbc,0,0,0,0
tbb3mwap256tjfutn1ylzrmr,0,0,0,0
tcjc100a3kyhceh1ocl3idq8,0,0,0,0
tdupaf7lg51fabubz38tvzv5,0,0,0,0
tfa4znf5y1wsi4l6kt8uizdx,0,0,0,0
tij927ayuolgojgownmwfsll,0,0,1,1
tlvesdku3wbrjmw2vc81o2yv,0,0,0,0
tm8tuw1pb8x7xkfvdvk193x1,0,0,0,0
tnhklic5iyq0vh5fqatla2al,0,0,0,0
tpmo45du0hq5ms9ozxyspwcd,0,0,0,0
tsl7o2m610ugig25uy7z86j2,0,0,0,0
tuwe3rt6yefgfh6ilrayfxl0,0,0,0,0
tvn2bzd303giw1e19mg1cr9t,0,0,0,0
ty1wskoh98xaoxyihob0v19g,0,0,0,0
tziqg1watcqmn37bbb7qj2sr,0,0,0,0
u2wlh2xmb8r1v9sg8vxivzbz,0,0,0,0
u55xz19eaoxuzl0aphnmunn8,0,0,0,0
u7py5mlbbtkxhsf04vzxf5q2,0,0,0,0
uaii3mf364ywko25atnplibq,0,0,0,0
ufid3xr3z51350iidywqc1da,0,0,1,1
ughziv05wzim0p6nbe4zm9bd,0,0,0,0
ujgygyxx3lie3tjq12bmw19g,0,0,0,0
ujvb7963rvrp03czb7gwkpiy,0,0,0,0
uoqadaa6ak52gddbv6let3aw,0,0,0,0
uqkl119q6s11o7q58pofozb5,0,0,1,1
uqom99g7ey39ch27dt56mi4a,0,0,0,0
us4eun7345fmumzs9dz3itmy,0,0,0,0
usloji0nelh1cj5m41t0ggu2,0,0,0,0
usxqlkcwscnhe9ht38avmk52,0,0,0,0
utx231aq2hi839r9d441k2ga,0,0,0,0
uuwxlg6kileoz88wax8nb0f5,0,0,0,0
uxeouv24r90uigdoy69jkiva,0,0,0,0
uz3sxod4s3omoh017abhcnly,0,0,0,0
v077itmn4fcuk26clbe27c2y,0,0,0,0
v0d8t3df8ossfts4jtb17mrl,0,0,0,0
v1drvbjxr5612wvtf94js1ox,0,0,0,0
v4aafmya1o9jdi1gyqw24qcw,0,0,0,0
v76quwfff2g6f1l0tllnp4eb,0,0,0,0
v7ahvqm23r0dh50av05yez69,0,0,0,0
v7kop23uju5kchhpflsruuwj,0,0,0,0
v92zl14170e2w4jnmx79imby,0,0,0,0
vajyhtc5oy4sv1uiga20e6fy,0,0,0,0
vd1pkq7rhjzkaarxxm4tq9hu,0,0,0,0
vhgct5yl76ewd8dt2jm8zuqc,0,0,0,0
vj8758r7tzrlqkhrm38dt8kg,0,0,0,0
vkfqzm7m5gtz5xl8jqnu1o2w,0,0,0,0
vlilw8g7c0f9b1lyd7062o59,0,0,0,0
vn5vsnpp3hkf9rdf4jzzhxzo,0,0,0,0
vno1r5izi6xu4qgr0ygzsp4m,0,0,0,0
volpnekr5yah8grtws09izkp,0,0,0,0
vophouso36dnk4zd4a7ludrd,0,0,1,1
voys5xqr4u76nx1lvh2r9dbn,0,0,0,0
vqadqpwhsiy6f1m3dv43bpzc,0,0,0,0
vqjjti1tfihk2z23c04g2j6d,0,0,0,0
vql2msmflray2huzrs0k4c1w,0,0,0,0
vrqbehqvie7zt25yyl6cs99r,0,0,0,0
vwpz9qs5dz3d9w0yzqt3gczb,0,0,0,0
vxqdd4cikkvjqng6qsa68pbq,0,0,0,0
vymrc339mr590qlz88yjvwdz,0,0,0,0
vyu7emdw7wzkiqd9u70if4wp,0,0,0,0
vzhaljiuocyfp1xyk2mctjgd,0,0,0,0
w00u1z0uplczwjhwva5rmcz1,0,0,0,0
w4ojmi3nbf00ig5go1n86ijq,0,0,0,0
w7pxptxkx91dam296wq8fz8g,0,0,0,0
w8fph6feyyhyp0j6tu8it0g6,0,0,0,0
w9hn7bwz2gwnf2dwa0jzfvzh,0,0,0,0
waao3yqokpvba46iuksa9nh7,0,0,1,1
wbrayn4ein1ornafqkzxqib7,0,0,0,0
wclxp7v1lk7nc4bn06c012jv,0,0,0,0
wengnax64w68gljuenmzyqqd,0,0,0,0
wjqgkx4ub57fihda7xpb2z56,0,0,0,0
wkajt1hjtrrrwqr4qu8zfvsg,0,0,0,0
wlouow63ym9ij9tmk3t97svz,0,0,0,0
wnkgo7hwl1kqou9ybk0qbh28,0,0,0,0
wp3cunultzpy4gtdyllhb38i,0,0,0,0
wq5ml1y0on92fp9ujayoln0a,0,0,0,0
wqny4a8us4evktbh76yplnxh,0,0,0,0
wsfm2x8nz31jo2s681f3q556,0,0,0,0
wvlwgws9asevbhciuprmnl8m,0,0,0,0
wxxkujpaggrvdku6ma4erecv,0,0,0,0
x0ejvi2xzy1ozig1y6kjffnl,0,0,0,0
x2ebfgg47v7m96chhh1diyu0,0,0,0,0
x41von3kmtt880jdipapgh5u,0,0,0,0
x5z699na6147yuokwnni1j5k,0,0,0,0
x64mm9omc4vz5l011jbr8hiv,0,0,0,0
xblrkfz282y1tvniv6joycif,0,0,0,0
xddyqw8ul4ov7lah5jskuqyy,0,0,0,0
xdwc1fgq59k0sj7pfonlazrn,0,0,0,0
xe1w22rz1yls6vylg6pbi0xn,0,0,0,0
xej4mi7p65f4kfi5st8kj82j,0,0,0,0
xh456xpp4fi706w2tqkmx72r,0,0,1,1
xkepidji57pz2aiggs7qaxct,0,0,0,0
xnt4z9rf8xls7vfaxzmvvky6,0,0,0,0
xrhknlvf0k45amccpnc4hid8,0,0,0,0
xsainmms4o5jb0iwnwsgi97v,0,0,1,1
xuee5leya9tse7a3n91fo39a,0,0,1,1
xvr0714c81d01xivn2r7ynfc,0,0,0,0
xx0ilpgic5d123siuza5fxdd,0,0,0,0
xxxlmrdblrgt6fwjmxvhsxi6,0,0,0,0
y0nzv029zwicv1zy1sfs2b5c,0,0,0,0
y15fx57tsqewb18w4fx8fx0f,0,0,0,0
y1wjcsezpvmmsuytboyo2ksr,0,0,0,0
y2pzf1haszw0kq1gqtowdjon,0,0,0,0
y4qhqox9ynmp15x759a60vl4,0,0,0,0
y6zsv7qbm4oryfaxeorguusk,0,0,0,0
y9w8lbj9c158wpcmqvtrxg6p,0,0,0,0
yag706wo0vab4v6cleo4hpwg,0,0,0,0
ybnburmqp65m5j8hhjhwvztg,0,0,1,1
ycny2wigcwbd0kdnnwmqfhxv,0,0,0,0
ydkwzjz5kc9k1a7ssyq5l51j,0,1,0,1
ygyc1s0ko1vgev86p70of68i,0,0,1,1
yi1wxy0hv7vxmqluf5cfj6pk,0,0,0,0
yi7nf7uhonafj9amsucdceak,0,0,0,0
yitcl4poq7kegaqrbq9m59g0,0,0,0,0
yjhajg9zjrj0w16tzvsd4qq0,0,0,0,0
yjnyuqkrxszy0ahi1xyxkhnj,0,0,0,0
ykw9wsizlna098p5k6ybghad,0,0,0,0
yllbniadhp4jx1ubqkkmzyu8,0,0,0,0
ylrtegmv4loypw576rlq3xqb,0,0,0,0
ypewhfamirnpfqbq94pvimod,0,0,0,0
ypjxwfu4euvryu6t426wbr7a,0,0,0,0
yqkvwhyb2wgye7goj0ktkpbf,0,0,0,0
yqqvu6tjcmeu45n5yoco4hem,0,0,0,0
yt5l5183flms09hs4qg4epp8,0,0,0,0
yxfptabbb9w73ayp02yu8pri,0,0,0,0
yzh5qr3lpicc84br7kh0qsdu,0,0,0,0
z2sgrx5cta3p5efi42r5uew1,0,0,0,0
z4dyii6xg0gbnkt0gteo93lf,0,0,0,0
z4x34rls4omrmq2ai74a01xi,0,0,0,0
z5glanq69n2ayamlclysb9bi,0,0,0,0
z65bmeqo9vgvq5hyi48l1lcf,0,0,0,0
z6w1gmiohlbpy5ceuvdjb88g,0,0,0,0
z884874by6a1ovcqbbhdsbvb,0,0,0,0
zbe6gfptq8ae6ron22rgoa69,0,0,0,0
zgq38xwnwa8ymzbvjvlodnrj,0,0,0,0
zjpua5vmv2j1dpi7ku0gekkt,0,0,0,0
zkiz6zpdlkbevdh6q2rsnqsi,0,0,0,0
zl07u2r964jotrsjbetcejql,0,0,0,0
zlm9eznh9b6q9k0j0iph68gc,0,0,0,0
zlmgusf7atsmc5tx1w8pbhq4,0,0,0,0
zmpsj7cxjgi2jcr01s59151u,0,0,0,0
zn6d6b7s0jtnba78llxwvc99,0,0,0,0
zremxsqdmph82tck817u93xq,0,0,0,0
ztldu143n3d2lp81riqc7pph,0,0,0,0
zvqf3ssyoifsnjlsq0h6huha,0,0,0,0
zzo9v1zukcxpw6j68690fmxk,0,0,0,0
